"Tda4 B"," Tda4 A"
"0.9061787","0.9061787"
"0.5745085","0.5745085"
"0.7006092","0.7006092"
"0.8875379","0.8875379"
"0.8524555","0.8524555"
"0.6463496","0.6463496"
"0.7981451","0.7981451"
"0.9061787","0.9061787"
"0.5745085","0.5745085"
"0.7006092","0.7006092"
"0.8875379","0.8875379"
"0.8524555","0.8524555"
"0.6463496","0.6463496"
"0.7981451","0.7981451"
